ids_prim	stroke	freq2_log	elms
prim	0	5	？
prim	0	-1	⻀
prim	1	6	𠃎
prim	1	1	𠃉
prim	1	-1	㇣𬼂
prim	2	6	㇅𠄎
prim	2	-1	㇎乄𠀀𠙴𠤬
prim	3	7	幺
prim	3	6	𫝀纟己犭
prim	3	5	乡及饣久
prim	3	-1	乆𠀆𢎗𪜀
prim	4	7	攵
prim	4	6	火𤣩礻牜
prim	4	5	𣥂𠀉爪
prim	4	4	乌
prim	4	-1	𠀈𠁾𠥻𡗒𢎜𣦶𣫬𤓰𬺷𭺫
prim	5	6	钅
prim	5	5	瓜⺻
prim	5	4	乐
prim	5	-1	𠂀𠃢𠥽𥝌𦉭𦫵𬺻𭼽𮍌
prim	6	6	耳𥫗𧰨
prim	6	5	⺶襾
prim	6	-1	𠂂𢌰𢎱𤰃𧰧
prim	7	7	訁
prim	7	5	豸
prim	7	2	戼
prim	7	-1	𠁧𠦒𨈏𫝕
prim	8	6	釒
prim	8	5	飠
prim	8	-1	𥸨𨳇
prim	10	-1	𨤏𩇧
prim	11	-1	𡘼
prim	12	-1	𠥓𤦡𭴺
prim	16	-1	𪚦
	0	5	⿾⺊
	0	1	⿾臣
	0	0	⿾卍
	0	-1	⿾㠯⿾乚⿾匕⿾弓⿾止⿾正⿾犭⿾邑⿾𠂤⿾𠃍⿾𦣞⿾𨸏⿿⿷⿿了⿿予⿿亚⿿凹⿿戈⿿或⿿止⿿灬⿿虎⿿见⿿隹⿿鬼
	2	7	𠂉{24}
	2	6	𰛄𠂈𠂈{100}{111}
	2	5	巜𠄐{52}{101}{30}{39}{27}
	2	-1	𠁡𠃏𠄍𠄏𬼀𰀫
	3	7	𫜹工彳彳卄𭕄
	3	6	巾也之勺勺𰛅𠫔山𰀠门门个亡亡屮屮彡巛习亍㐄㐄马䶹丬{97}{71}{108}{25}{57}{102}{23}
	3	5	𡳾么𫶧彑龵亾飞飞卂卂与与𠂎亏𠃓乞丫{45}{69}
	3	4	丈丌亐亇亇亇
	3	3	𬼽亿
	3	2	夨
	3	1	𢎘{77}
	3	0	孓刄
	3	-1	兦𠀄𠃒𠃒𠃔𠧒𠫓𠫓𡕒𡕒𡯂𡰣𣱱𪟨𫡃𫡏𬼸𰀰𱍸
	4	7	木王龶戈月龰止耂廿中从
	4	6	𱼀爫爫𰀆殳殳旡旡不不斤贝𣎳𣎳水水爿夫欠𭁟五巴车文手巨壬壬勿卝云内𡈼今今以比比比比弔元爻𫩏父气禸𠂒冃片分歹见友公井牙牙午予长尹帀𠃜肀凶
	4	5	反反𭃂𠓜內仒夬円𫧇𫜵𠬝化化兂兂厃毛六屯屯冈仑支尺允㓁介双𰀡厸𡯃斗专𱐩厄风韦书切什孔冗匹匹卬兮引冘仓办攴勾冇冇冄计厷{76}{112}
	4	4	巿亢队仍区区𡗜乏瓦瓦仁圡匂𠔿仇历匀仆凤互幻币勻㕚𠠴𠀇仅夃仌仌厅𠠵扎邓艺丐{65}{122}{72}
	4	3	卞𠂑㞢仄丏𰅭㝉亓{33}
	4	2	厹刈𠤏丮尣仃
	4	1	阞勼収仂𠆧𡿧卆𢆰亣亣勽
	4	0	㸦㸦尐尐尐尐仉卐𠚪
	4	-1	㐊㐋㐧㓀㔫㕕㕛㠪丒丒乣亖仏仐匁匁屲弌罓𠀋𠀌𠃙𠆦𠓝𠔁𠔃𠔄𠔽𠕀𠘬𠘭𠘯𠘯𠙷𠙸𠚫𠤭𠨎𠨐𠨬𠫗𠫗𠫘𠬚𠬛𠬜𠬞𠬠𡈽𡴯𢆯𢎟𣁬𣂑𣎴𣦵𣬛𣱲𣱳𤓯𤣥𥘅𥘅𥘅𥘅𪟽𫡅𬺹𬼆𬼆𬽢𭀗𭀘𭂩𭂫𭃄𭄞𭅄𭅠𭣔𰁒𱍷𱤻𲋄{105}{107}{116}{92}
	5	7	目田立立罒古
	5	6	禾戊矢矢皿未可𤴓龷用去尔业𠁤出示示示𦉫𦉫尓𦓐𢆉氺兄甘龸㠯㠯穴由冉圥𠀎占且冋正左衤衤石甲玉疒主主皮生生只句𢎨𠮡尼𠀐永永𡉀𢀖北疋冬冬癶𰃮𠀔头史加{18}
	5	5	四四台冎冎令令令𡗗宂宂发右乍本失召他𠕁申电乎世丘丘朮朮朮术对𫩑戋包包外戉龙龙司圣𦉪𦉪㕣刍叫氶匃鸟囚另㐱东丱丱叹付弗布击𠮥卉市功矛奴𠀗龱𠫝平平边半半打丙卯代夗号汉仔灭叩𠮠𠮠玄兰犮犮央处处它礼礼処末斥𦘒务𠬤宁㐌𰀢弁𠂛𦉰{53}{5}
	5	4	𠮦厉节旧丗丗丗犯𫠣训𩰊𩰊𩰋叶巧卡乐乐归归𤴔幼𫢉丝艾丛弘歺闪仙氾讨册𠂔写写帅𠙻匆夲仕卢厈奶冯冊冊𡯄印印丕汁匝甩氿{6}
	5	3	圤㲺㲺㲺札𡚬孕叱叱汇屵刊叧氹卮仞尻扒邛凷𠙽叨匛伋甴
	5	2	𡆦夰戹戹轧宄㞋叵汀囙𣱷阤匜仟仡𠬢仨𱑱仝夯𫵳凥囘尒尒
	5	1	卭艿艽弍艼尕丼叐叴艻㘝卌卌仚仢匇屳庂
	5	0	肊肊廵仛
	5	-1	㐀㐍㐲㒰㓛㓜㕥㚈㚢㞤㞧㲹亗仧仧仺冚冭冭凧刋厇厺厼叏圧夘夳屴屶庁広払氷汄辺邜𠀍𠀕𠂕𠂘𠂝𠂞𠂞𠂟𠂠𠂠𠂡𠆩𠆫𠆳𠑷𠕄𠕅𠕉𠕵𠕶𠕷𠕸𠘲𠘳𠙹𠙺𠙼𠣏𠣏𠦀𠨯𠬦𠮟𠮟𠮢𠮣𠮧𠮨𡆤𡉁𡉄𡔛𡖅𡗚𡗚𡗛𡥀𡥂𡭗𡯇𡯊𡰤𡰥𡰦𡳿𡴴𢀵𢁓𢆲𢌮𢌯𢎢𢒂𢖫𢖭𢖱𢦍𣎵𣎶𣎷𣱵𣱹𣱹𣱼𣱽𤕫𤘔𤮺𤯓𦍍𦫳𨑏𨑏𨙰𪜠𪞖𪠲𪢱𪩲𪵨𫑗𫜸𫧀𫨂𫲡𫵱𫵲𬼈𭀚𭁠𭁳𭍺𭐝𭑧𭑨𭒹𭙏𭤟𭺛𭺜𮎛𰀈𰀉𰀉𰆰𰉗𰋙𰍩𰍩𰰝𱍺𱍺𱍺𱎛𱏿𱘦{106}
	6	7	糸糸自糹糹
	6	6	米而虫𦍌𦍌艮吅亘𦥑舌舌至西覀寺寺𢆶羊羊臣好虍虍同臼有有戌䏍䏍在𭤨此合合后各𱒃衣回早成死页𠂤𠂤缶多地共老甶色𭇁佢如行亥刖𰢴{94}{51}
	6	5	圭齐因杀先先羽羽过吉关关争吕𠮷曲会会舟舟㐫吏吏军交𠅃向向安𢦏聿𭥍弚弚再次次年年龹百百亚并则名𪧷𢖻𠔉𠔉光那似舛舛朱𰁜邦邦式旨问亦亦𫇦吊血任𠯂𡰪尗守产执执执动兆兆伐囟屰屰朿仲阳当当买充戎𭷔兴企𠦏毎全全𫡑巩巩巩刑危丞江吋𱏻决夅夅机𠂢𠂢厽𦈢肉夷匈华华吂阴师师众廷廷邪𠃧孙列约𪢴尧岁收𠦄𠦄{75}{19}{70}{91}
	6	4	冰耒耒许伏件冲字红刚乑刘𫠤𫠤劦存休戍负旬贞网延延延壮汤𦣞达考考夹𡗞乔幵异异异𣎾𡵂𡵉尽尽份灰灰㓞岂夸汝庄毕设划忙农级欢戏迁爷防奸𣦼巟团朵朵匡𤰔妄压导寻奻宇汗㚏𠅇芒庆闭㐆叒夺托杂污牟伙曳亙优宅厌池伊兇艸仰尖尖吐丢𣲇朴𫥞纣𭃌伪仿伟肋肋𤯔𱐔{59}{64}{54}{90}
	6	3	扣丟丟夙吁汙迅迅迅孖轨𡰯汒尘尘竹竹竹匠芝肌肌闯𠕽朽𫠥迈阮劣穵穵𭴁帆邢弛汲旭阪囡祁祁𠇍伎汜吒兊芍玑𠫤伞芊扛刎汎牝牝芋迄乒
	6	2	纥䏌䏌吆𥘈芑𠦂𠦂邠岌圳䇂㫃汐芃圮扱芎犴㫐汏屾𤆌圯囝伇汋汋𢀛弜㐁奼㢟㢟朶
	6	1	伢圶芌𠂬圪汚気𡉉𡉉圩芓𡿪玎両㡯㔻㠩犳甪𠕋𠕋芏汛汛汛汛凼伝肎肎肎㓝汍汍𱄿㬰芇尥尥㕄㲽彶朹芅𦍋
	6	0	忈氽芉汆夵刕𰋷
	6	-1	㐂㐪㐼㒲㓇㓙㕂㕦㚐㚣㜽㞌㞍㞪㞬㞭㣼㱏丠仼伒伩凩凪卋厊叿吇圫圴圴夛夶夻岀帇庅弎忛旫汑汣灮灳犱犱犱癿芆芆芕阥阩𠀘𠀚𠀚𠀜𠀜𠀠𠁦𠂥𠂨𠂨𠃤𠃨𠄢𠄣𠆸𠇊𠇏𠇔𠑹𠑹𠕌𠕎𠕻𠕾𠕿𠖲𠘺𠘻𠚁𠚃𠚃𠚾𠛄𠠼𠣓𠤮𠤱𠦃𠦃𠦅𠦍𠧗𠨺𠨾𠨿𠫡𠫣𠫣𠬩𠬪𠮮𠮯𠮰𠮲𠮲𠮳𠮵𠯃𠯄𠯇𠯇𠯊𡆩𡆪𡆫𡆬𡉊𡉐𡉑𡉓𡉖𡔜𡕖𡕟𡖇𡖈𡖉𡗝𡗡𡗢𡚯𡚯𡚱𡚴𡚺𡚺𡚺𡥄𡦾𡦿𡧄𡧄𡧇𡧊𡯎𡰫𡰮𡰮𡰱𡰲𡴀𡴂𡵃𡵄𡵆𡿩𡿫𢁙𢁝𢁟𢇛𢌜𢌜𢑐𢑑𢓁𢖶𢗀𢦑𢨩𢨩𢩭𢪀𢪀𣁁𣂒𣅀𣎺𣎼𣎽𣏀𣦺𣫭𣲂𣲆𤆅𤆆𤆋𤆋𤆋𤕭𤘖𤜭𥝍𦓤𦥒𦥓𦫷𦫼𦫿𨙺𨚌𨸀𨸢𪜌𪞘𪟩𪢶𪤷𪥤𪩣𪫆𪱙𪵩𪵪𫝁𫝢𫡓𫤫𫥁𫧍𫧏𫭙𫯜𫰉𫲵𫹭𫾦𬇗𬐃𬔖𬻀𬻄𬻻𬼉𬼉𬽄𬽪𭁆𭅰𭆙𭆨𭆽𭍽𭑃𭗼𭘑𭘑𭘒𭥌𭥎𭨘𭭽𭸵𭺽𮉼𮎜𮓱𮕤𮦄𰁦𰃝𰅰𰅱𰆗𰌵𰏒𰗑𰦒𱐕𱒅𱛇𱜢𱜢𱝼𱤽{104}{118}{81}{96}
	7	7	言貝𦣻𦣻
	7	6	車系系我我吾見里豆走酉酉豕辛辛𠕒𧾷𥃭兌兑来谷皀𱥯𱥯寽寽角角巠身身良良束君阿
	7	5	声呀弟弟你你但时即釆䖝求余余更辰足甬条没沒甫囬矣兵住肖肖肖告男旲完𫠩呂两免免步每却孝间𭚧何呙利伯囱囱快赤赤近还呈呈呈听吳丽丽㐬佥连忍员呆𣏂𣏂别巫应吴吴𫲽镸位张作坐坐秀壯別奂吿进把夆夆夾邑串決冏冏𫲸体希志远灵灵囪𠤕坚陈呑宋夋夋乱改助李𰆘折找旱𠬶𠬶攻孚形{12}{55}{47}{21}{74}{40}{62}
	7	4	㫗沙严初低𦥔𦥔㣊㣊报冷戒穷花花围鸡否𦉬𰤲𠰅犹芷附克克投况困含医医𬎿坒局县怀𦔮寿𱥻妟纯尾皃灾亨孛㦮杨沉启启弄私弃劳呉呉忘闲𦣝𬌪床估麦财块肙肙狂劫伸迎犾库㳄攸狄妥圼苏𰢵坏𰙜园补层亩材劲贡災技祀祀㝴阻岛沈吞佛纳沖扶吻吹芳杜社社抗抓纷扮𭻾忌苋究究茾茾茾序㫖妙役𭕆龟佐抛甹沟扯村羌羌闰抖努𡕙宏闷牢秃禿壳壳壳吟沐伴洰彷杖批抑肠庐庐邯尿岑坎卵{79}
	7	3	冝芸屁均均泛佔沛沛汪肚肚闵抄佞𥃦坠沃判判妨坟肝肝牡坑佑芬灶邵佗杆岐冶妍吝辵阼忤杏芮芮刪坊彤罕罕甸𢗰陀芥芙邱忒陂𤆍纽汾岗尨尨尨汶吠卤灸芯㚒匣抉庇兕汨删删灼灼妞皁丣丣肘肘肜肜扳妓沁杉芦芦纺佘佘芽沂芭劭杠孜
	7	2	扼忡皂皂汰沅囧囧妊伽巵芩町芹伶伶厎坂沔沔狃呎𥎦芈劬忮芟圻卣汭汭芴旰𫹍玖𠯭杓杓芾芰汩汩汧汧忸灷囤尪沚芣肓肓抌芼㒵芺𡉼抇抇沕沪沪沪吽沄㶣彣芘芫䀏㕯㕯杘戻戻戻
	7	1	𢌳劯芧芡坌刜陁苁旳汵㞷㞷㞷㹞尫芚𣧄汞佉岜佋宎抈杗汦汸売売芪岙芶乕㓠㔷伿兎兎宐宐宐斈𫔮𫝹㤋芿𠯑𠯳糺糺㺯卲芠戺戺亜伹労呌圽妢帍帍庈弅扲攺汱耴耴苂陃𡵳
	7	0	肟肟𫔭扽
	7	-1	㑈㒴㒶㒷㘮㚓㚓㝎㝐㝑㞎㞱㞵㠻㤀㤀㧍㧎㪯㫒㫕㱑㳂㳉㳊㽖㽗㿝䆑䆑䏎䏎伱佊佦児凬刢刧匤厏叓呄呇呏呚囦囯囲図図坓坔夿宊宍対岕帋庒廸廹忺戓扵扸抂抐抐攼旵曵杄杊杋杣杦汖汫灻狇盁肑肑肞肞肞迊迍迏𠀤𠀧𠃬𠄘𠅋𠇗𠇚𠇤𠇦𠇮𠇽𠇾𠑽𠑾𠑿𠒁𠔍𠖀𠖸𠖼𠘽𠛜𠛢𠡉𠧚𠩆𠩈𠩉𠬲𠬸𠯌𠯍𠯓𠯚𠯣𠯪𠯫𡆴𡆵𡆾𡇂𡇆𡉚𡉣𡉤𡉰𡉵𡉸𡉺𡉿𡔞𡔞𡗥𡗩𡗬𡗮𡗱𡗶𡗶𡛊𡥈𡥉𡧍𡧎𡧐𡧐𡭝𡰶𡴆𡴇𡵖𡵧𡵩𡵫𡵬𡵯𡵱𡵶𡶀𡶀𡿮𡿯𢀜𢁳𢁺𢇦𢌺𢎀𢎀𢎿𢒈𢓄𢓄𢗑𢗑𢗝𢗡𢗦𢗨𢗭𢗼𢗼𢦒𢦙𢨪𢨪𢪒𢪘𢪙𢪛𢪫𣅄𣅆𣅈𣅋𣅌𣅍𣅑𣅔𣅘𣌡𣌢𣌢𣍟𣍟𣏈𣏉𣏋𣏌𣏏𣏒𣏒𣏒𣥈𣲎𣲑𣲑𣲙𣲩𣲪𣲭𤆎𤆗𤓳𤬦𤰖𤰗𤰜𤼦𤼿𥁀𥃩𥃫𥃮𥃯𥃰𥐘𥐛𥘑𥝐𥤤𥤤𥤥𥤦𥸦𦉱𦉳𦉴𦒱𦘴𦘴𦘶𦘶𦬅𦬆𦬊𦬑𧢲𧢲𧮫𧺆𨑃𨑢𨑦𨑭𨑮𨑲𨑳𨑳𨙨𨚡𨚪𨚫𨸲𪜢𪜬𪜭𪜮𪜱𪞏𪞐𪞐𪟙𪢾𪩡𪪳𪱳𫝣𫠉𫠨𫡆𫢑𫢑𫨶𫩙𫩜𫩞𫭠𫯝𫯞𫰑𫲷𫲺𫹏𫹯𫻨𬁟𬂝𬇚𬉶𬉸𬉹𬋻𬍑𬜥𬷽𬻏𬽲𬽵𭃡𭆃𭎃𭓟𭕇𭗾𭛞𭟯𭣖𭣢𭣣𭤔𭥐𭮀𭮁𭯺𭶻𮌁𮎟𮓗𮕜𮕜𮞅𰀾𰅲𰅳𰅴𰆺𰌞𰍪𰍱𰎋𰠧𰠿𰤳𰨛𰰡𰹲𰿩𱑲𱒋𱖐𱘭𱘭𱥺𱰥𱱴𲂺{66}
	8	7	隹隹隹
	8	6	者者門其固京林青青來𫩠雨雨𣏟𣏟𣏟㝵咼的的靑靑知到或事東果長𠦝𢆍非非非非幸{68}
	8	5	具具国坴坴坴𥝢明金爭念念所所咅兩臤昔定若取於於於易周周法奇炎拉受武炏𩙿直直㐭始官官苟戔兓兓鱼宗居放虎虎使帛妾单並实夌夌和帚帚卒兒服享享𧈧卑卑卑𤰞𤰞郎侖亞朋学制罙罙㸚㸚㸚彔彔表𠣜夜委冐冐冐物建岡备命㡀㡀苗采录录变卖尚些依空空宜河底府刻终卓𥃲舍舍舍治奉侌侌转参奔隶隶叔性妻忠妹罗贤畀承垂垂昆往怪卷卷㚘宓臽臽忽英岩{56}{7}{17}
	8	4	注波斩昏斦玩肯肯𫵖宛劵劵苦典怕育育昌昌𱖔彼𡬠𡬠拍茄𦍎兔兔兔降败孟亟亟㸒況肃卦松玨奄郑征屈范责刺佰奈丧孤宝味奋齿贯爸顷招罔歨匋废庚图耶拔欣抱质季狗狀侍店姑顶庙态迫戾戾𬎾𬎾卧臥衫担板房房房肥肥黾叕忝忝忝尙泪𲂻择规臾臾乳甾昍净呵杰𭁨贫审豖抽闹疌𰧭郁杯宠咎咎𢌿虏𡕥𤕰𣥖郊叁贪𠚍乖狐𠛬𠛬枝欧限佳牧昗述述画画𫂱拋供幷侠匊股股例油茂泄佩泣析弥弥岳茅凭厓咒歧杲𰥍弦㦰诣沓沓泡泥泳苑歩彿肴肴秉舎肩肩肩肩{61}
	8	3	枚岸坦氛函函函拘昊弩糾糾侈陌陏枉斧版怡籴刷沮迪浅浅坤沾咖刹侣凯忿咀披𦙌沫肿枕𧘗囷径径妮衬垃拂姆旺枣苛宙昂怯陋盲炒沸届岭肺肺肺泙虱炙阜坡枢拙侄帘帘杼押泊帖迭郅弧岱刮枭㹜玫帕苹苓杭兖拐拐佯杵祇祇苴𢼄𢼄侃炊呱𠈌炉炉炉卹杳㲎昇沼徂觅瓮迦盱呴盂券券怛沱苞苞屆屆竺泯
	8	2	泠佻穹穹𥤧𥤧泌坪妲泓庖庖𫇭沽苕㧜軋茀旻迥炬妬苻苔戕牀拑昃迢昙昕拈孥宕侗㫄㫄㫄沬泮泮苫枋姁坫叀苜沝泫拌拌泜曶曶佶迤牪杪秅茁茆炅矾苾抨羋羋炆卺㣇㣇祅祅迮厔刲廻苖昀昀苯茇茇苽泅玟侁佴泔祋祋㭊奅岨岪秊邿肫肫
	8	1	冼侘茌拃苙穸穸坨亝斨肏㕞刵忞炗沭沭劼㞑怚抯杸玪矤苨𠧢帙肬肬狍侙坥昒欥𫼉𫼉𠈇坩炘㤅佸呥忥秇秇秇苲𡊮𡊮𭇐㚔忩苳𱐍玢岢䏔䏔肰肰徃䏙䏙㚖㞐㤁㤕䄪䢸冞刾匌厒妸宖尭怐怗抳旹旾枒欦泃狛盰苪苶茋
	8	0	肶肶苿戽戽岽秈抺斉斉沲侫侫茐沷苘靣靣苠
	8	-1	㐩㑒㑒㒺㓣㓤㔙㔙㔽㕁㕺㕻㕿㘠㘳㘴㚗㚻㚼㚿㛁㞺㟀㢱㣘㤐㦲㦿㦿㧝㱚㱛㳌㳎㶨㸓㹨㺳㽵䀐䀑䍐䒔䘚丳佫侎冾凮刼効勆勆匼匼卥囶囶囶坣坬坮坸奌妱姄姈実屇岝岦岶岺岺峀峀廼弆忢怽抦昋昋昑昘昛杴枀枈毟泈泍炇牨玧瓫畁畂畄糼舠苐苚迡迱郍鼡𠀬𠀭𠂳𠄭𠄮𠈃𠈄𠈉𠈗𠈣𠈪𠒃𠒆𠒋𠗀𠗀𠗆𠙇𠙉𠚌𠛧𠛫𠛱𠛹𠛹𠛼𠛼𠜂𠜂𠜊𠤻𠦜𠧠𠧦𠧧𠩋𠩓𠩕𠫭𠫯𠰓𠰕𠰛𠰞𠰞𠰣𠰥𠱀𠱄𡇈𡇋𡇌𡊎𡊙𡊚𡊥𡊦𡊨𡊭𡊱𡊵𡕢𡘃𡘆𡘊𡛩𡛼𡥚𡧘𡧟𡧢𡧧𡭧𡭨𡱀𡱁𡱂𡱅𡱈𡴋𡴋𡶇𡶓𡶟𡶣𡶣𡶤𡶦𡶩𡿱𡿱𡿲𢂇𢂋𢆎𢆻𢇳𢇻𢍀𢍁𢏈𢏈𢏏𢒊𢘆𢘤𢦟𢨯𢨯𢨳𢨳𢪿𢫕𢺸𢻻𢻻𢼂𣂔𣅜𣅟𣅳𣏔𣏚𣏦𣏰𣏼𣏽𣐀𣐁𣐂𣐂𣐇𣢊𣢐𣥏𣥐𣥕𣥚𣥜𣧋𣧌𣬅𣲲𤆦𤆬𤆯𤓻𤘆𤘴𤝗𤝚𤝡𤤅𤤋𤰅𤰠𤽇𤿌𥁃𥁄𥁄𥃳𥃳𥃷𥄁𥎨𥐦𥐦𥐧𥘣𥘪𥝕𥝝𥝝𥝞𥤨𥤨𥤬𥤱𥤱𥩘𥩘𥸩𦉷𦉼𦉾𦍐𦏲𦒳𦓎𦙃𦙃𦙊𦙊𦙑𦙑𦙚𦙟𦙟𦥙𦨈𦨉𦬘𦬞𦬣𦬦𦬪𦬬𦬮𦬮𦬰𧆛𧈟𧈠𧈡𧗠𧠆𧠇𧹘𨐌𨐌𨒂𨒂𨒒𨒙𨒣𨸏𨹅𪜹𪜹𪟄𪠁𪠆𪠨𪥌𪧈𪪎𪫩𪯢𪯱𪯲𪰊𪰋𪰎𪸓𪻓𫃚𫆀𫇩𫐣𫠭𫤘𫧠𫨈𫩣𫩧𫯢𫰗𫲿𫻩𫾨𬂣𬅟𬇊𬉻𬙘𬚳𬜦𬮠𭀡𭁈𭁈𭁴𭃚𭅉𭅑𭅒𭅒𭅺𭇎𭎇𭎊𭎌𭑈𭑊𭒽𭔫𭕘𭖒𭖒𭚫𭟰𭟲𭠂𭠂𭣤𭥒𭥕𭥖𭥗𭩢𭭛𭮃𭴉𭴋𭴎𭶪𭸾𭺲𭺳𭺳𮕦𮝾𮨶𮱤𰁽𰇑𰉢𰏤𰏴𰗕𰛐𰤔𰥐𰮋𰹈𱑎𱒒𱛖𱞂𱡻𱣀𱪮𱬷𱵼𱺵𱻊𱼧𱽐𱽓𲀥
	9	6	頁頁是音既為係首首相則虽要昜重重
	9	5	胃胃品韋韋亲軍後故壴壴咸咸前前侯看娄禺骨骨骨复复鬼鬼说食食食面面昷思革封柬𦚏酋酋帝南皆俞俞卻㒸風風点畐茍星某𦔻𨊥屋便度宫政皇觉将将神神飛爰禹垚送客美兪兪兪兪春扁扁秋保曷曷洛信𡿺𠱠急急急奐奐奐亭总类畏架室退战泉闻种贵威枼城叚很待耑轻甚甚洗貞𦭝𦭝带带陣钟剌胡胡胡追眉斿斿帮哉䙲䙲咪段查绝指彖宣彦响举彥哈計昭除显𭴘结
	9	4	草迶差差柔怎卽怨爯爯負負活県県拜拜剑兹界逆顺独卸奏奏郡香香背背茲荅迷盾突突突怒咠叟叟叟叟荒巷巷臿臿祖祖临𦍒尝帥𬛸科施施𬐘幽垔垔耐厚㲋癸毒毒胜胜适盈紅紅冒冒厘穿穿修修哀哂侵侵派昚孩费统须逃贱持持院姜省项俗俗柰贲䚯览𱕻荣陛𫥎蚤蚤狱韭韭胥胥姦勁俊勇勇养养冠査型約約約削律恨恒𡱒㚅迹庭屎𱼭匽匽柳洞級級咬𬙙恆紀紀染狠咱咢脉脉屏単𱅑𣳾𣳾挑洋衍衍荐络珍骂贺亮亮洪研津勉勉柱挺勃虹残残阁宪敄𨊠括郤茹牵娃祝祝笃郞玲眇拾叙茶茶昨勋茵胆胆弯弯
	9	3	钦𡇒枯闾契契契柄昬贰柏姿矩虐虐叛叛赴柯恃昧娜軌浊炮炮洒恼弇怠紂紂钧怱促珀荀宦俎茫剎矜恰恢恢荆荆荆陟𱭏迴映盆殃虾姚垣砍荧俄贷荥荥𭣦胎胎拱恬𩑋𩑋郢莒莒俟拼拼恍訂䂞咨垒徇𥄎炭炭歪迺挖耷耎盼姪珊珊耍洽拯贸囿缸剋斫郝㿽栈奕祚祚胖胖胖㚇㚇朐匍敃昱胄胄闽垢羿宥恪胤胤胤殄兗奎陝茸毗洼弭匧祐祐迸荔茨竿虵茧紆紆𣢟茜胞胞拭炳枲峙狊炯𡶫𡴎炫祗祗昴垫垫𤰭孨虺庠
	9	2	𠡠柘贳弈昫洿叜逄茗垠𠖇衎荃畎珉珂俐枷衿秏洵羑洫𣅽耇衂洎绚訇亯矦矦盃荏枹枹逅笈胙胙茈柤洌紇紇昶拴祜祜郗陜𦙲祢祢祢甭眊峦峦盅柝砭柿扃扃毖竒姞洹皅厖眄眄郚荑拏䖟觔茴泵呲俚殂咿荄㝁荟洴洴泚奊砉砉砉孪孪轱㡿挃羗陖窆窆洟芔芔荂洳
	9	1	㞕荎柑𧈹厗炱呰宨庛茤帣帣舁舁侻侻柃俆羍癹秔茦茿荁𫋲𮂱盇炰炰厙昝浐㓩陗昺𣴎㑞㕟㝔䀛䑣峉敀敂欪洝眂砅茖𠧪𫯁𫯁𫯂𫯂𱰭㪅奓恠笀胊胊𩠐拶拶穼穼㧁㧁哏䏣䏣穾穾㓨㛄㞒㰦䀗䊸冟剈帠庣柖柛毘洏洐砏茙茟𣐝𥄉𦬸𦬸𧈪茛
	9	0	柭柭胐胐垧胍胍畑茺眀沗沗沗咲垕垕昰凃乗変変
	9	-1	㑛㓂㓧㔜㖈㘶㘸㚆㚚㝖㢲㢴㣞㤗㲒㳝㳞㶮㽚㿞䀜䀝䂝䆓䆓䆔䆔䆖䆖䍒䍔䎛䒕䖉䢼乹乼亰亰侰侱俥凾勅匨匩匩哖垥壵姧姯姳宩専尛尛峑巺巻巻怘旀柺柺柾栄栆栆桒桒泴洀洆洉浂浄涏炡炢炢炶爼珆珎珎畓発盺祍秌窂窂笁粀耉胋胋茘荖荗荘荿虳貟鳬𠀷𠁭𠂷𠃴𠅔𠈾𠗏𠗒𠚏𠚏𠜒𠜤𠜥𠣞𠥆𠧱𠧱𠨚𠩠𠫰𠫵𠫷𠫷𠭃𠱡𠱡𠱭𠱯𠱳𠱸𠱼𡇞𡇟𡋍𡋐𡋑𡋛𡋡𡋣𡔢𡔢𡘐𡘑𡘒𡘚𡘜𡥞𡥦𡧩𡧯𡧰𡧱𡧷𡬧𡬫𡱜𡱝𡱞𡶬𡷇𡷈𢆓𢆔𢇂𢈊𢈍𢈏𢈔𢌴𢍂𢍃𢍄𢍆𢍆𢍉𢏔𢏚𢏝𢑚𢒎𢓤𢓥𢘻𢘿𢙅𢙇𢙣𢙥𢦦𢦶𢨿𢨿𢬇𢬈𢬊𢼉𣂚𣃥𣃥𣄰𣄰𣅻𣅼𣆂𣆉𣆊𣆎𣆑𣐉𣐉𣐥𣐩𣢜𣥤𣧢𣧢𣭁𣳨𣴓𤇏𤇕𤇘𤇫𤓽𤓾𤓿𤔄𤔆𤝵𤝵𤤔𤤤𤤯𤤴𤯚𤰩𤰫𤰸𤰺𤰻𤱊𤼧𤽈𤽗𤽗𥄃𥄈𥄕𥄗𥄧𥎩𥎯𥘾𥘿𥙊𥝤𥝯𥝸𥝻𥤹𥤹𥩝𥩞𥫠𥸬𥸭𥸮𥸲𦊁𦊄𦊆𦊈𦊋𦍑𦏺𦏾𦔹𦘔𦚆𦚉𦚉𦚋𦚖𦤀𦤶𦤶𦥚𦥛𦥛𦬺𦬾𦭓𦭕𦭞𦭤𦭧𧆜𧆜𧆞𧈸𧘣𧘴𧟥𧴦𧴦𧴧𨊢𨒨𨛡𨛪𨹧𪜕𪟆𪠇𪠈𪤹𪥍𪭌𪰑𪰖𪱿𪵻𪽋𪽼𪾋𪿈𪿒𫀄𫀩𫇮𫇰𫊝𫊞𫊥𫋴𫝎𫞰𫞰𫟈𫟈𫟯𫡙𫢩𫦪𫨻𫳂𫵚𫾩𬏝𬙬𬚓𬜪𬡊𬥎𬮦𬽊𬽊𬾐𬾕𭃤𭄩𭅋𭇥𭎘𭎙𭓩𭓩𭓯𭕛𭖚𭘍𭚖𭚬𭛨𭠃𭠃𭣩𭤯𭥨𭥨𭥫𭥭𭩮𭩲𭩲𭭟𭰍𭴔𭺾𭺿𭼿𭽼𭽼𭾡𭾢𮂸𮃹𮃹𮉰𮎰𮓛𮓷𮙥𮠖𮥴𮧯𮧯𮩴𰀎𰄯𰆄𰆙𰋿𰌼𰑓𰓞𰙠𰙡𰠛𰠭𰥓𰦫𰩬𰫘𰭈𰮒𰮒𰴨𰴩𰶱𱀋𱅐𱏴𱒛𱒢𱕺𱕼𱖤𱙎𱚠𱛢𱝠𱦊𱪲𱪵𱬹𱲋𱺸𱻲𱽗
	10	6	馬都個時高能冓𭥴倠隻
	10	5	這原真真真氣离骨骨骨家師𥁕莫𤇾射袁留样通眔眔眔秦條𡨄笑𤰇𤰇𤰇䍃䍃連員晋晉鬲鬲宮尃髟流起起倉倉夏𬜯書書被華诸益益息难𢼸𣁋候破兼兼哥部旁监埋殺殺殺爱務海海陳奚盍記冡鬥隺烕烕病躬豈𠳋𠳋恶閃郷唐钱𢇁{26}
	10	4	秝烏害害害害衰酒特校乘訓容容容䀠芻剛展般𰤷庫倒恐根恩陸致致素莊准罢料晒逢𤔌𤔌索烈哭陰陰陵弱弱热疾消逐孫孫徒珤晏貢欮羔格速珠軒拿宾读舀舀站造造畟畟娘宰资贼班班桓烦桑称称积莽莽財顿辱辱捉徐𧴪𧴪冥案悟陶畢畢畢虑郭敖敖敖凌陪俱俱效桀载悅悦鬯涉討純純谈畜套桌恭朔烟浮秘虒竞殷卿卿座贾配島涂𰗣值席耆衮狼泰泰匪借浪峰朕眞栗透振预聂陷脈脈宽倍晃笔丵臭臭耻恥圆羞羞朗朗眠殊缺党党胸胸倫捕烝唇唇巸巸旅旅旅旅途冢粉爹翁翁拳拳哩託涌納納納納紙紙𡋵浦浩浩飢飢姬姬豹豹凍倩倩邕脩脩脩脩桃𭔰健針玆皋蚊恣𦐇𦐇𦐇紛紛桂悔悔屑莹砰
	10	3	挨脊脊脊莎租㢆盐蚕核柴浸浸祥祥秩畔匿匿涕峻哲畝倚耿挾恋恋荷隽航宴莉耕耕瓶𡭴艳荼蚩蚩郵逝郸桐悍帯帯狸盎袍袍剥剝悖脆脆狹𰋣祟埃斋耸恕脅脅脅虔耗耗浆莖宵釘従冤冤顽剖栖翅𥁓𡌥耽晁恙剡顼倦倦恚晌哨扇扇扇恳紋紋欬娥𣪊𥁑栾栾釜臬笄涖圂框圃訖隼盏盏祘祘祘㼌砳窄窄涓逛倭彧栽𣬉罡豺脂脂紗紗绢眚袅莘剔亳𬶀莢娣莞牂衾哺孭紐紐辂旄旄峭逋涅𬻞𱖪桎圄倘倘屖
	10	2	旃旃勑凋埔窊窊耘浹竝俸荳烘笋挹晟挛挛梃耄痂釗宸紊笏眛倮挈挈挈紡紡捎旂旂娠袪俶悁莠栝唄挐娑貣倀恧铍厝秤唆逑𪺽莪𠩵桧恝恝恝屐𮍦𮧮畚恁圅窋窋軎浿𠩬砧倝牷珞逌敉倅秧紝紝莩涑䎡狶甡莧栢莆笓秫秫捃扆扆毦畕狺窅窅剗莝𫺁浼浼珧哿帬𢀡竘
	10	1	軏軓浡凊凊龨紏紏㿟烜莙畗莤竜莨荽𢚩㱿㱿厞烓蚔蚉娩娩倓冣宷峯浝浧訔飤飤珡珡桊桊㿾屓挼敇欱歬毣盌眣笒耼陮栱郰郰㑥㪉䎳峩峳捔浰眘耊胷胷㪿夎𥑟疳洍洍㕋䙷倗叞垷埐娕宭峷欯烋珦眜秮荾莁𡘳𣑦
	10	0	荸倶倶娧娧笍笍肁肁畠脋脋
	10	-1	㑫㓒㓯㕍㕖㖖㝚㤪㤪㫥㫧㫫㫬㫭㬵㭝㰪㳭㶷㻂㻂㽜䉼䏧䏧䒚䒝䒤䒥䖍䘐䙳䢖䣅俻倐冧卨哠哠哢埀娏娳宻宼峲庯恖恵悎悎扄扄扅扅挙捚斊曺曺曻枽栞栞桍桝浗浛浱浽涄眗眧秥窇窇竛粆粍紦紦缼羘羘羙聀聁莀莑莗莟莭莭釛釡閅鿄𠂹𠂺𠂽𠅖𠅘𠅜𠅝𠊅𠊅𠊋𠊋𠒖𠓭𠖏𠖐𠙖𠚒𠡷𠣦𠣧𠣬𠥶𠥶𠧴𠩲𠫹𠫼𠲯𠲯𠳄𠳅𠳒𠳬𠳮𠳯𠳺𡇢𡋰𡋲𡌓𡔣𡔣𡔧𡕚𡕦𡕦𡘝𡘞𡘤𡘩𡘩𡘰𡘲𡝌𡝌𡥨𡨈𡨋𡨐𡨚𡨝𡨝𡨞𡨟𡴘𡷝𡷰𡷾𡸁𡸄𢃄𢃋𢆙𢆙𢇅𢈙𢈱𢍍𢍏𢑛𢓭𢓰𢓱𢓸𢔀𢙽𢚘𢚛𢚸𢦷𢭎𢭳𢼜𢼡𢼧𢼴𣂜𣆗𣆟𣆪𣆫𣍮𣍮𣐸𣐺𣐽𣑩𣑱𣑱𣑽𣪈𣬈𣴠𣵀𣵎𣵠𣵡𣵣𣷚𣷚𤇯𤇯𤇷𤇸𤈕𤈜𤔍𤔍𤕺𤞻𤞻𤤿𤯅𤯟𤱍𤵶𤼩𤽤𥁘𥁫𥁫𥄱𥄲𥄳𥄳𥄷𥅌𥅘𥅘𥎵𥑥𥑭𥞊𥞓𥞔𥥍𥥍𥥐𥥐𥥗𥥗𥥛𥥛𥥟𥥟𥩥𥩮𥬄𥬇𥸷𥾸𦊎𦊒𦊚𦊜𦊥𦍤𦒿𦕂𦕈𦚟𦚟𦚣𦚣𦚧𦚧𦚶𦚾𦣣𦤃𦨚𦭶𦮃𦮋𦮎𦮔𦮕𦮠𦮴𧆠𧉊𧉎𧉎𧉏𧉘𧙃𧙍𧙏𧟨𧟨𧥢𧥥𧥧𧮭𧮭𧯜𧰬𧲣𧴫𧴮𧴲𨊫𨊰𨓜𨓤𨛼𨤾𨳌𨺅𪝉𪝉𪞁𪠋𪣣𪧐𪯌𪶀𪸥𪺮𫂵𫆁𫊫𫐩𫕄𫝗𫝤𫟎𫟎𫢴𫦂𫩁𫪉𫯎𫳇𫵼𫸚𫸳𫹔𫼋𫼋𫾬𬀴𬁼𬂧𬂹𬂹𬆣𬇦𬊇𬐚𬒴𬓥𬔰𬙜𬙮𬜲𬜶𬜶𬜷𬬺𬯁𬺞𬾨𭃳𭆆𭆞𭆟𭍠𭕞𭖦𭖨𭘧𭙜𭙡𭜨𭜪𭜫𭜮𭜵𭣯𭣱𭤶𭥯𭦃𭦃𭩶𭪂𭭇𭭉𭭋𭮩𭮪𭮫𭮬𭮬𭯍𭰘𭻉𭽎𭿷𮈄𮈄𮊀𮊂𮎁𮏄𮓸𮕩𮜿𮜿𮠚𮥆𮩸𮫮𮮑𰀒𰀕𰀦𰄔𰇩𰉯𰙤𰙩𰛖𰛖𰛷𰞚𰢱𰦖𰫝𰭍𰭍𰮤𰮤𰯯𰲚𰺅𱍂𱒦𱒱𱛩𱥂𱦋𱦝𱰮𱳛
	11	6	過殸旣鹿著麻麻
	11	5	得𢛳國從專魚婁鳥將將將黄黄張異清竟問𢇇理貫祭𦰩𦰩羕羕處做𣶒𣶒𣶒野曼曼象象帶虚眼焉畨鄉啇埶埶埶教現動陽𬀷着着㒼責章票強欲進常常敢敢敢斬悤隊區區第堇接參情情堂率商翏曹曹眾眾眾宿𡕩𡕩望望望望望梁視視深
	11	4	随寅敝敝許淮堅產產執執尉基断庶救㽞患营盖啚啚啚敕㳟㳟麥麥康停終終敗淡𤱪𤱪細細盗規雪雪萑黒推授唯累孰孰崩族族领頃習習奞貧隐悉徙曽崔桼惜𦰌梦假𪟊戚寇𩵋設殹盛职密婆𱁈貪球祸頂崇䙴䙴银排庸萧啬渐脚脚淫弹惟乾略维𥞤𥞤移啟菲猫鹵爽副彩婴掉聊猛𠚕術術𠁳脱脱脫脫毫勒淨閉距偏側𭷆掛涼巢隆隆牽符婦婦階袞袞探萊啫混敏敏萈萈赦晨盘蛋旋旋减寄軟隋隋㣎蛇掩甜圈颇渊域粗谒堆偷偷粒組組菜猎掂梗淺偽逮舂液添渠偉彗彗彗彗悠绳斛敛産紹紹𤕻偶痕晝晝奢奢偃惨惨寂逸逸逸屚
	11	3	訟掃掃𠩺豙娶掘悼猪猪雀雀船船船船貨貨貨𮙸盒萌斜雩雩虖捷措婉訪晦梅梅绵豚豚堕培匙兜笼涵菊淳𡮂𡮂屠屠貶阎𠁁淑𧰲崖淋彪敘萃眯捨捨涯欶窒窒售凰廊廊衔捧帷圉笨鸾隅偵梧桶畤猜猜猜匮旉隗萄笛彬啵梓梵訣崑笞冕冕冕犁崙趾脣脣脣瓠眷眷笙梟梟捽販覓惮惮烹崗厠萠萠粘淩旌旌剪剪梨笠脖脖釣釣脯脯猗淄堵堵疵戛匐𫔴逵菹菩菌渦淘阉偪扈扈扈淖傀聆菱萎梢彫舵渚盔盔脛脛豉訥訥庵婪粜萦鄂鄂偎
	11	2	庾庾𭾁唬虘啐勘笺捺聃聃菟菟菁菁堊啄啄笥萸畧猖淅梏梏缽梔窕窕菀晡痔赉欷屜窑窑匏匏笮庳庳翌翌恿晢袴酖唫酓衒隈殻殻桮涪紵紵赧赧逶捻捻笱涷𮍏悊閈阋晜袈菆菆脘脘掎菫鄄鄄菡菡敔菶匾匾屛崟淶悘捭捭淠梄逴𣪘皐皐萁淥軗棻絇絇焊硃勖勖勖𠶮笴㤲䚻禼寀菖淦淙㶾啓啓啓
	11	1	勗勗勗剬𥎿𥎿閆埜叄玈圇旍旍紬紬㪍軝殍菉菉砦萆萆莾寁朙畣眽笘笯菓𬀽窔窔窐窐敍焐㝡梩𥹄𪺞琇絅絅勔笤笪䋈䢙剭婏徛敓梫焄猚甛菳菴𡿿㠱㢈㴆菬菿啉掮紨紨𡨥萵圊圊圊晧晧㝛㝠㪷㭰䀁䍘䒦偒捼淂淜渃窓窓罣萅躭軖逹镺隌𥬥
	11	0	淰淰淰焅焅谻谻崬萘堃淸淸𮥶梖
	11	-1	㓱㕘㝝㣦㤻㭪㭬㰯㲘㳫㳫㳿㴌㷀㷀㷀㸔㹿㻎㿡䂮䂮䄅䅆䅇䅈䆟䆟䆠䆠䇠䇣䇤䇥䎆䏻䒩䖏䖤䚴䚵䚺䚿䝆䝨䟝䧑䧔䧔亀偘偸偹冨厡唻営営埥埥奜寃寃寉庴庻徝徤悥悪惈戜戝掗掽掽掽敎斍斎斎斎旈晘梞欵淗渂渄渒烾焇焏猄猉琍笡粛絁絁菛萗虗覔貮貮赥転逨逩鄊隂髙𠁃𠁅𠃀𠊰𠊳𠋛𠋛𠋣𠕠𠗦𠙚𠚖𠝣𠝭𠝮𠝻𠣯𠦪𠦪𠦬𠧸𠪂𠭖𠭙𠵂𠵊𠵛𠵥𠵦𠵨𠶋𠶬𠶶𡇶𡈀𡌦𡌭𡌳𡍏𡕨𡘷𡘹𡘹𡘺𡘺𡘽𡙁𡙆𡝤𡝼𡞕𡥵𡨤𡨦𡨧𡨴𡨼𡭽𡭽𡮁𡮁𡲇𡹐𢈻𢉅𢉆𢉉𢉖𢉙𢒗𢔃𢔃𢔜𢔜𢛓𢛢𢛧𢛲𢜈𢜊𢜊𢜏𢜤𢧁𢼾𢽊𢽋𢽍𢽐𣁐𣂞𣂞𣂫𣇀𣇃𣇄𣇓𣇛𣓀𣢾𣣅𣥶𣨑𣨑𣪌𣪍𣪏𣪏𣪐𣪓𣭵𣶃𣶙𣷌𤈫𤈿𤉄𤉋𤉐𤋳𤕽𤙭𤫶𤭃𤰈𤰈𤱵𤱺𤼭𤿤𥁞𥁠𥁠𥅥𥆁𥎽𥏇𥑴𥒐𥒥𥙷𥙷𥞫𥥪𥥪𥥭𥥭𥥴𥥵𥬑𥬒𥬒𥬝𥬟𥹏𥹙𥿄𥿄𥿄𦊷𦕒𦕓𦘕𦘕𦛱𦤎𦤏𦧔𦯆𦯕𦯧𦯬𦰟𦰧𧆥𧆨𧆩𧆩𧆭𧉥𧉴𧉴𧉾𧙯𧙿𧟪𧟪𧠓𧦈𧦈𧦊𧦗𧦗𧯞𧰮𧴴𧴵𧴹𧴻𧴿𧵆𧿭𨈡𨊴𨊿𨋅𨓿𨔍𨔛𨜞𨟻𨟽𨤐𨤑𨱝𨱥𨳐𨺵𨾈𨾎𨾏𩁹𩁿𩂀𩚇𪎊𪡒𪦾𪯍𪲓𪲖𪺏𫁹𫃟𫇿𫈅𫈏𫏳𫞫𫟐𫤰𫧉𫩀𫪡𫭋𫱀𫳐𫵠𫵠𫻶𫽚𫾶𬂴𬋩𬋩𬍥𬑔𬜻𬝉𬦈𬯆𭄶𭍥𭎮𭓶𭚽𭚽𭜳𭣴𭦊𭦌𭦗𭪗𭪗𭮰𭮰𭴷𭶰𭸋𭻍𭽀𭽪𭾬𭾱𭾲𮋛𮌔𮌔𮍖𮏓𮏓𮏖𮏚𮏝𮔀𮕱𮖿𮖿𮙲𮞨𮫬𮮠𮮠𰂙𰇶𰓶𰗧𰚋𰠀𰥞𰥡𰨥𰩶𰭌𰮕𰱃𰱅𰲛𰲛𰲝𰶳𰶵𰶷𰺵𰿘𰿚𱀚𱉥𱏧𱏧𱑏𱞩𱡘𱥗𱫌𱮇𱰋𱷥𱻱𱻱
	12	6	黑道無然就𦥯
	12	5	發單幾幾黃黃開登間童復戠戠戠𤔔貴朝買景虛番番强最最等堯善善萬喜喜揾遀遀惡備曾曾敬敬属落尊遂遂斯奠䖵鄕鄕飲喬喪温𩾏越絕絕達遇猒猒猒猒智粦
	12	4	厤勞量集雲期惠短答報菐雈勝痛圍游尞寍寍順費掌掌御猶提焦賁賁畫畫散散極韩須盜惑湯厥給給朁朁朁朁董補葉鲁街普𰕎赐舄巽巽喂尌兟祿祿舃富詔飯飯結結程悲雇雇雇遗筑彭替替鼎舜𢁉運絲絲禽塊奥筆博閒閒超𢽠𢽠舒爺犀犀禄禄禄違靓葬覃覃項寒寒揚隔粟馮閏尋尋傅雄遍插策联晶測湿訴硬殘葛握款疏棥棄棄赏赏湖壹壹琴紫敦稍雅絜絜禍禍缘森聑辜減𱗐𡩜援琪貳黍統統滑逼淵敞敞欺税稅循裂創貼賀詐悶皓皓焚煮晴晴晴矞羡渾堪筋渡厨貸湛趁雁暑
	12	3	欽牌牌琳渴棒粥牚屡絡絡愧喉翕揖媚焰惱蛮蛮喃閔甯椅雋惹棘揉掾筒稀評壺壺裁凱粤凿遁窝揭翔翔棟戟窜詠逾逾嵐嗟葱阔棗脾脾脾琼猋雯黹黹筵湘棵鉅葦軫割割割阑厦棠棠衆揸揸棋蒂隙隙隙媒爲愕愕斌募鈞鈞閑溉殼殼彘棉貿葆惺滋滋滋葵蛛惢毳遏媛棧缊颉滞滞皕辇斑椎渙斐㗊粪脹脹弼寓勛喟絮焱蛰揆啼猥腔腔鈔葭腊腊嵒䜭惰惰掣琦殽馭堤傕跛棱遐慨慨慨葡鈍筍竦蒍嫂嫂嫂蒐畱琢琢寔飧遄嵬戢戢渥酥甤萱飭飭晷琮絰絰觚棐孱蛤啻
	12	2	犍湟訶窘窘酤絭絭貰琰詈絫韌嵌徧傘椰崽硯𬯎寑蒌琶鄔棼琵翚蜓喑䧘渝渝渝棕晻揞婺湆葅覘臯臯愔筏軨猌盙湄棓䖭斮皖鈐揔耋焞棃䊆棊祼祼犇渫淼葺葩絢絢渲葶扉扉扉㖾稌湮湮湮窖窖窖斝欹㠭稊聒䠶飪飪萼萼痣葑𪯎稈猲絛絛掔犂廆朞朞睆焯廋廋脽脽絶絶奡葴焝湔湔軲葳喦喦媞寕寕臷葍裒裒裒㥥欻欿湳牋臮隓𠭥葚
	12	1	稂畬徥惸棨棨痗臦萹棹渻㑴暏暏椑椑硠筳蓱蓱寋袲蛔蛓㪔湜湡𪧘煑煑㫺㲃湅笿臸翛翛矟嵗椉渜湌嵓喭喭腱腱雱喆㞚㪙傌凖圌堛悹焣猭萷葻蛬衖軬㱕䂓䒸棸歯焭筓萺葏剴嗢嗢絙絙㛮㣫㥞䇨䒹奣悳悳惪揂棤楇焛疎筄萲葢蜑鈙𡩋𢽟𥆞頇
	12	0	媠媠䏽䏽䙵䙵萮萮筌缂詋粞赑覚淾鈚
	12	-1	㑹㓕㔸㙓㜀㝢㝹㝹㟯㡬㡬㢏㢏㢏㦸㨗㨗㪘㪚㫷㫿㮃㮈㮊㰳㲂㲜㴖㴞㴠㷅㷊㻚䄈䄈䅎䆣䆣䆤䆤䆥䆥䇪䎜䏾䏾䐌䐌䐌䑬䒱䒺䓀䓁䓁䘖䘮䟫䦎䨿䭴僃僃兠叅堶堶堹徫愄戞敧旑晱椂椂欼歮殾殾渧湏湼湼満溂焴焸琹痩睂睂睂窙窙脺脺臰葃蒀豿貃貵趂趂跒軽辝遅鈘閕閗雬韮髠𠁊𠔥𠔥𠗱𠗲𠗲𠗲𠞖𠢋𠤤𠥔𠬁𠶷𠷎𠷰𠸜𡈂𡈉𡍬𡍬𡍮𡍯𡍯𡍸𡎐𡔯𡙕𡙗𡞣𡥷𡩏𡩖𡩘𡩙𡬳𡬵𡬶𡬶𡲤𡲫𡺛𡺥𢁅𢁅𢁅𢁆𢄉𢉲𢉳𢍜𢝔𢝲𢧉𢧐𢰦𢽬𢽵𢽵𢽵𢽶𢽹𣁽𣂪𣄃𣈅𣈆𣓏𣓕𣓪𣔂𣔋𣣖𣥿𣦃𣦅𣸁𣸈𣸸𣸹𤉢𤉭𤉷𤊅𤊙𤊱𤗊𤦭𤦭𤭐𤯦𤲅𤲆𥁰𥆝𥇇𥚎𥚎𥚢𥟁𥟈𥥽𥥽𥦕𥬬𥬯𥬵𥭅𥭋𥹫𥿻𥿻𦀎𦊽𦐱𦓔𦕬𦜳𦝃𦝄𦣦𦤑𦤑𦥭𦧗𦧚𦨯𦱀𦱄𦱋𦱤𦱧𦱽𦱽𦲸𦲿𧆲𧊒𧚍𧦯𧦱𧦱𧦴𧯡𧰷𧰼𧵍𧹞𧺷𨈭𨈭𨐓𨔶𨔾𨕂𨕖𨠠𨥌𨥏𨳚𨳞𨾗𨾗𨾜𩂊𩇮𪐗𪠮𪧺𪩃𪸿𪽗𪿟𪿢𫇆𫏵𫟚𫟛𫣅𫤝𫤪𫤱𫲪𫻹𫾼𬀉𬈆𬈋𬌡𬗌𬛥𬛳𬝑𬝘𬝘𬡗𬪌𬮈𬮴𬻨𭀭𭄁𭆏𭆐𭈹𭡥𭣺𭦟𭪙𭪴𭭎𭭧𭮶𭾵𭾵𮈍𮊿𮊿𮊿𮕹𮕹𮗁𮗁𮙺𮞬𮥷𮥹𮦆𮦉𮫙𰗷𰙫𰚢𰞴𰨚𰭢𰷣𰺿𱂥𱋋𱽷
	13	6	與
	13	5	意當會會睘豊僉䧹義話想解蜀数路辟罪睪遠歲蒦蒦經經楚電電搵𣪠詹詹業嗎愛肅肅該傳禁亂𨥫敫溫新感感豦畺遣喿聖聖聖满
	13	4	亶農詩節節節雍傾鼓蒙媽嗇置號群搞楼試䩗鼠準廉廉𡩧微微暗简照滅誅雷毁賈𢧜殿楊觜溥廌資賊煩零黽䖒跳頓塞奧蓋献愈愈嗣勢勢摸夢夢夢載園福福較傻際盟腦腦禀魂蓝赖睡搖搖摇摇損输暈愚毀毀触虜虜幹源跡預嗚蒼搶腾圓瑟鳩幕碎勤勤鈴粮慈慈瑞暖稟稚煙煙阙督詣蓬舅詳雾腰腰署蓄溺羨蒸聘躲飾飾裏筮搏筹
	13	3	肆粲睛睛睛蒲碗遥遥遙遙愁罩蓮虞虞虞滔鉤嵩嫌魁瑜瑜漠溜阖裘颖催裸墓墓频歆歇隡隡誇鉴腸腸碍遜煞煞雉貇叠缚靖靖廈蓉溪煌睢閘蜂寞酬颓滥匯煉煉頑𠌵睹睹骞塘頊獅訾腫腫粵粵甄甄斟裔窩窩筭瑰絹絹槐廓蒿蒯債愍頒綏綏鈺雹雹痺痺筴煥鳧煎煎鉗溶窟窟睦睦鉏嗔嗔蓍碑碑滂剽筷楞蛾滌剿魝盞楫跣塢諍諍輅靳榆榆彙溯貲猷寘寘稣楷鉉鄣漣
	13	2	搆稜牒煖裨裨楙腮腮蔭椽煦塋煢煢豢豢衘暘裊裊蓐蓐靴靴𤿺輈賃歃鈹筲腩腩𩐁椿旒旒剸遘戡辠綈綈飱蓆㨨煴溧阘遝遝遝煨趍稔稔蒹彀彀楬遟禋禋禋蓁羣跬嗃詵碓㐮㐮厀跱虡虡虡滈溓誊搉頍麀麀椹壼壼摀歳歳楢躳躳蒪輂閜稗稗溘惷貈媷媷綑綑竪㼱㼱窠窠
	13	1	傫煔稑罬𡕰𡕰痳䢅毼睒蒩豤楺蒮蜇獁暌蓽隠蜆䡔嫈楘睗馵輊碁䓊䣕媻痯蒭豋稞舝舝鉄痲媺媺媺皵雽窞窞窡窡罨㝅㮚䁂䢽䣱嗀媐媐弿歅歅牑翜蒤詧閞𣨻䋣窣窣歈歈禓禓槩槩槩蒡孴溰溦溦甞甞盝盝䍜䧟勠愽溤稕罧艁鈲雺𣹰𥇛𩰬𩰬塍塍塍
	13	0	䐑䐑幐幐滛滛亷亷筫嗐勣蒕
	13	-1	㗖㙛㙜㚠㨦㬅㮣㰹㰻㲄㴱㴻㷐㷐㷔㼫䀄䀄䅗䅟䇷䇷䇺䇾䇿䋠䋦䋦䍛䑓䝉䝱䪞䪞兾兾塩奨嫆寗寗寛廍愩搕搸晸暊暐暓楆楤楽歀溸滉碖稓稤筞筨筶筶綂綂腷腷膄膄艂蒖觧賎賎郒郒酫酭鉢鉨鉨閙閚閠頉鳫鳮鳯麁麁麁𠅸𠌶𠍘𠍘𠘂𠣻𠦶𠨣𠪔𠪕𠪕𠪘𠪘𠹈𠹜𠹝𡈏𡔲𡔷𡕝𡙢𡠋𡠓𡩟𡩟𡩟𡩠𡩹𡬺𡲬𡲬𡺰𡺳𡻎𡻕𢄔𢊁𢊁𢊂𢊃𢊆𢊊𢍢𢐌𢔸𢔸𢞍𢞍𢞭𢞭𢟍𢟍𢟍𢱭𢲛𢽿𢾍𢾕𢾟𣔵𣔾𣕡𣪧𣮿𣺎𣺦𣻌𣻌𤊸𤊽𤋁𤋃𤋎𤋮𤋯𤋱𤕤𤕤𤗚𤚖𤠗𤦲𤲢𤷭𤾇𥁼𥂀𥂁𥇘𥇡𥇨𥇴𥈀𥟦𥦮𥦮𥦴𥪖𥪖𥭗𥭛𥭭𥭴𥭷𥭽𥹷𥹺𥹺𥺀𦀓𦋅𦋐𦎍𦕾𦝚𦝚𦝲𦝲𦞅𦞅𦤔𦥳𦥳𦥷𦥷𦳃𦳊𦳝𦳪𦴋𦴋𦴋𦴹𦴼𧆾𧇀𧋠𧠪𧧑𧧬𧱈𧵩𧵽𨋬𨋰𨕞𨕞𨕥𨕵𨠭𨥲𨻶𨽶𨾱𩂕𩂜𩉨𩉩𩑙𩑤𩚴𩡱𩵎𩾕𪝣𪧟𪪷𪫕𪳄𪺕𫁒𫁒𫁾𫂁𫈦𫈧𫎴𫑨𫖻𫳭𬁅𬆪𬐧𬕍𬥈𬦮𬩺𬯻𬿫𭅞𭐖𭔺𭛂𭝤𭤁𭪿𭫄𭵜𭵜𭵝𭵝𭸢𭿃𮃔𮍛𮔉𮖄𮘌𮘎𮮰𮯙𰉒𰙔𰚃𰢅𰲡𱏵𱏵𱘥𱢒𲈩𲉜𲊦
	14	6	說對
	14	5	𨾴齊麼麼實㡭㡭疑漢趙㬎爾盡隨緊静静需種聞厭管監監輕察算㥯維維壽養廣廣滿
	14	4	厲語翟稱稱稱精精愿臧鄭賏賓賓榮領舞聚聚𠪚寧寧寧嘗圖圖寡蔡適僕歌鳳銀嘆𰯲漸獄嘉嘉臺豪赫鼻鼻罰端匱蓺蓺熏熏輔雐鲜奪耤貌蔽熊鳴𩶷模團慕寬寬寬瘦遭漏歉𮅕緒緒截頗漁䲨綠綠漫熙熙鄧舆赛稳塵鄰寢蜜蔣竭誘䡛銅酸滾複旗旗閣
	14	3	遮蔑蔑蔑蔑敲璃網網誓賔漂幣幣腐暢魄裴墮暮翠翠睿碧墜誦雒徴慚辣鄲箕夐夐熒滯魅裹僚滎瑪構構閭閭駁寨銜麽麽弊弊屢𫎇睽碩僭廖嫩彰歰歰歰凳綿綿厮滲酷酷榜摺兢霆綱綱僧僧裳裳斲隧隧暨摘槁誨閨蔓綺綺𢾰䟽閩墊箫蔥蔥慝膏膏膏疐蜚摷㕡箏綰綰䋰暠貍瑤瑤瑤漱韶碭曄綦寥蔺熬熬榴塹蔚愬綜綜綽綽槃蓼褐褐赘鳶踈磋閤
	14	2	嫚暱錚錚箋殞䓨誑墉慟阚箸箸綾綾隤豩榛緇緇蔞箇槀毓戩嫖説瞍翣摹斡榦銚嘏銓摳綵綵潢潢滬銛肇肇肇銃搴榖榖蔗綢綢綢漚犖屣鼏塾塾箩熅熇誩夤螂螂漻遬朅毄蔕奩慱髪覞慁旖旖奬綝綝緌緌箎辡瘣粽歊榼歴睾戫榑蔈鞁箄箄𢇍𢇍𢇍摠摠
	14	1	漅箑蓷蔵䐜䐜䐜蓻蓻窬窬窬窬朢朢朢寠暯曅㺒榣榣牄磈馽滷箜㷠廔漮畼蓲鈭甍甍甍隣鲞槅歋敳牓稭緐䅥䆫䆫緂緂蓴蓴緑緑様様様榫窨窨嗻箅箅㗬㼲䁔䓢䛟䛣䯉䰟僞皷稫蓸蔄蔍蔧馼𧇃綮綮綮
	14	0	膋膋膋箆箆閰閰勫㕑勭
	14	-1	㓗㝬㝬㢕㢡㣃㥷㥽㪡㪡㪣㷦䅠䅡䈁䈇䊍䋲䋲䎩䎩䓗䓤䓧䓬䚂䜹䝳䣈䦚䧻僜僡冩凴塶塷夀夀嫰嶌幚幚彅慐搻暜暦暦槖槖樋漗漗熈熈熖獚獚甉盠稨竮箒箒蔴蔴蜝辢酼関関閧雑靘靘鿿﨎𠃅𠃅𠍾𠎤𠎳𠢧𠪨𠪨𠪩𠻝𠻮𠼑𠼗𠾧𡏳𡏳𡙳𡠺𡡅𡡉𡪛𡬽𡻟𡻦𡻷𡼁𡼇𢊪𢊬𢒩𢕒𢧤𢾾𣂺𣗥𣗪𣘐𣣴𣣴𣣸𣣻𣦒𣻢𤌑𤌹𤖏𤛉𤛉𤡜𤬌𤯳𤲶𤾊𤾓𥈜𥈠𥈪𥠁𥠖𥪝𥪡𥪡𥮗𥯀𥯄𥯌𥺘𥺤𦁉𦁉𦁎𦁤𦁤𦑕𦖑𦖞𦞧𦞧𦞼𦞼𦞽𦞽𦦀𦩎𦵮𦵯𦵵𦷊𧇄𧇊𧇊𧇊𧇊𧛱𧟶𧨅𧱏𧱏𧱏𧱔𧱔𧳑𧶉𧶐𨁍𨁡𨐚𨲆𨴠𩂩𩂫𩢃𩫃𩾦𩾪𩾯𪏭𪓑𪳐𪷁𪷂𫀽𫃅𫄻𫈼𫈼𫏬𫒘𫗏𫜩𫡿𫢀𫮛𫯃𫵆𬂉𬃷𬄀𬆭𬈥𬎼𬕏𬕟𬖥𬛭𬡤𭀰𭀰𭐫𭔽𭔽𭗐𭧂𭫒𭫝𭵠𭵠𮄉𮄉𮎙𮖐𮥟𮧇𮧊𮮱𰍙𰚫𰝂𰮫𰰎𱏬𱢝𱾂𲄡
	15	5	黎賣𱔞諸樂樣𧶠臱臱賢數衛德憂暴餘餘
	15	4	遺質齒影論劍题嘼徵請請樓慮髮遲罷敵誰墨墨賜寫寫震廢確調衝儀畾劉劉巤巤險廛廛賤靚靚彈穀穀魯魯潛熱熱膚導談線線賞賞横横颜撞審慶價遷遷遷輪樊賦標篇廚選選輩駕課廟廟豫窮窮瑩盤歐熟熟撫醉緩緩箭箭劇踪罵層層慰潜鋒蕃靠靠皺暫蕩履徹趣趣鬧鬧範摩糊練練練遼踏播澄閱鋪𮥼潘戮輝緣緣噴撲
	15	3	稽稽歎鞋毅滕豬豬賭賭儉撥耦敷鴈豎膠膠潁撒蝦麃麃憎憎頡敻敻擒慧慧邁編編霄𤍾億瞢瞢瞢虢虢樞膝膝諂撩殤蕊撈噓輦蕉奭賬澜磊輟潦幡鋤樁蕪鞍瑾幢趟趟撻儋箴槽賛翦翦毆畿畿磐憧撮潭潭篆
	15	2	憨蕙緘緘緝緝暪寮廡餒餒嶲暹諄慼慼緜翬撟閬翫澍槳緹緹賚羯窳窳𢿐覩覩踖㩅蝥遹瞏閫慙頟蕨澋儂𢕪遴儇槱槱歔歔樠稺褢稾蕇骹霈槧
	15	1	賡賡憃槮蕑蝱鼒𢧵霅濈濈濈幝槾遶諑潸潸潸潸䝿䝿槷槷潐蕫𠾂蕎蕈蕈蕁皛稸蕳趠鋂頪䁝䲷厱噧潕潗潟緼緼鋞憕韯鹝羮羮槭䈎䈞嫴慸撜撢潓澑濎犘賫輚銽頢頣𦋹
	15	0	嶴嶴緙緙閲
	15	-1	㒒㙯㜦㝯㢖㢘㦄㯋㯎㵕㽓㽦䈟䋶䋶䓵䗍䝺䝾䠂䦝䰻䴡䴢僺勲匳噐墪嶚慜戯撨斳槯殢潡潪澁甎瞐緖緖緖緾緾罸蔿蕋蕐蕚蕚蕚豍貎踷踷輙輙辳醀醁醁鋠鋭霊頝黙黙𠅀𠆆𠏉𠒶𠚛𠾳𡑅𡔽𡕷𡕷𡙷𡙸𡙹𡚁𡡴𡡾𡪺𡼡𢀩𢊸𢊸𢒫𢡃𢡃𢨆𢵄𢵤𢿌𢿌𢿙𢿝𢿝𣊖𣙺𣤓𣽨𣾎𤍠𤍳𤎉𤕦𤕨𤕨𤨝𥂈𥉁𥝅𥠷𥡂𥡂𥧡𥻆𥻊𥻑𥻡𦂌𦂕𦂝𦂱𦂳𦂳𦂺𦋺𦎧𦎫𦖢𦖩𦖻𦟝𦟝𦤝𦤝𦦉𦸛𦹏𦹚𧇖𧍣𧡖𧣽𧤅𨗉𨤮𨽹𨽻𩃏𩃏𩊐𩒛𩒨𩛬𩵢𩾵𩾷𩾹𩿊𪊘𪎷𪎷𪏯𪐡𪔅𪧨𪮫𪳝𫉍𫔡𫕙𫯺𬑤𬓶𬙸𬚢𬞕𬢱𬥉𬴘𬹝𬿵𭍳𭐘𭙵𭤊𭧘𭫪𭭔𭮼𭵴𭵴𭵼𮐹𮖚𮚋𰸙𱀵𱿒𱿒𲎋
	16	5	龍龍頭還舉學興雔戰靜靜親機燕錢
	16	4	錯歷激褱褱褱盧鬳獨蕭默整謀操燒辦縣縣縣橫隱凝醒羲羲積䦨穌營營澤薛冀器器錄薄薄薦擇餐諫彊奮霍賴賴赞憶儒曉擁憲憲穆駦駦錫獲獲壁憑醜融磨颠閻輸輸憾衡衡橋篤薨薨薨頰頻頻
	16	3	篡濃謁謁濁頹錦勳鋼鴨𫲲薪曆穎鍵築築勵辨辨薩薩鮑鮑樸遽橐雕雕嬴嬴嬴翰徼廪廩燔澡薇踰踰壅蹄圜薯嬖諧縫縫閼磬熹熹霖臻黔螢噩縕縕熾縛縛𰕣橙膳膳篷薑撿擎盥輻墾錐篚閵澧霎橘薔駢鋸縠縠閹薊駮寰樵縈罹
	16	2	霓篱憙憙膩膩罃辥辥瓢閶麇頷頷甑霏衞燋篩錡褰耨耨曇鍂諼篙叡褭縢儔薏橑薜縝縝儗廧餞餞薉踶韰窶窶頴缳毇虤蹀駡録虣
	16	1	劒橦甐翯燊篹篹橧䑞䰜觱燐諞嶭諴𤴡闍闍䫉曁輲黈黈篦橤賮窻窻隷薟㙶㯥嬐懜錉𤎭頼燅燅縜縜㣈㬜䀈䀈奯篗聮頳頽麆𡚇𢿨𢿨𰏮
	16	0	薎薎薎臈臈磟穇獴燚
	16	-1	㔍㠔㢛㢣㦔㬱㯤㱅㷴㷼㽔䔍䦧䨜䮍䲽䳆儞劔厳孹嶶彜戱旙暺橆澰澷燤璚疂穐穐穒篭薫薬螎螎衟覧覧諬諹醖錿頶頺鴫𠁗𠁗𠁗𠔳𠪾𠿊𡕸𡚊𡦢𡭊𢅛𢍮𢍱𢐨𢨋𢨒𢿱𣊡𣚇𣚊𣚨𣚯𣛕𣦞𣫆𣿕𣿕𣿕𣿳𤎮𤬏𤯌𥂔𥉾𥡝𥡞𥡞𥰟𥰬𥱋𥱡𥱤𥱩𥻳𥻳𦃃𦃐𦃙𦓆𦓆𦔐𦠤𦠤𦺈𦺸𦻍𦻍𦻧𦻧𦻧𦻱𦻳𦼉𦼉𦼔𧇨𧇩𧇭𧎪𧎮𧎮𧜣𧜼𧳯𧳯𧶻𨂠𨂷𨤰𨤰𨨖𨽾𨿣𨿳𩃮𩒳𩫏𩫓𩰵𩶓𩿳𪉟𪌜𪌜𪏰𪏵𪦨𪫙𫂐𫄾𫄾𫕻𫕻𫟪𫨀𫴗𬄜𬪰𬹥𭂺𭘸𭟼𭟼𭻨𭾐𮃣𮇷𮥿𮧻𮧻𮫟𮫴𮭫𰒲𰟚𰼝𱅼𱢬𱤏𱹖𲁌{89}
	17	5	聲講雚雚點襄應應雖霝擊藏
	17	4	闌禮禮爵爵魏謝韓嬰臨鍾鮮戲濟環聯牆彌輿藍韱濕毚毚戴舊舊總總總總霜壓壓龜龜龜龜賽趨繇繁臂臂謙禦擰斂赢隸龠
	17	3	嶽藉鴻鴻翼翼翼縮縮濤儲燥擠虧虧購霞矯闊聰聰聰麋麋孺蹇謗齋齋聳擢蹈闇濫鍊鞠谿擘嚮嚮嚮盪濱縷縷歛懇糞徽罽鮪翳濯曖薰燮𬒣螽糜糜甕謨螻蟄蟄膺膺膺螫罅穗
	17	2	簋闋輾縹縹臀臀魋縶豳氈贅贅豁豁豁謇䩭嶷轄轄轄薺斁皤歜馘臆臆縻縻檜縵縵篾獮檗糝濬謟繄藂縳縳磿篲薻鞞鞞
	17	1	磻藋鮭篿謄縿縿賸賸賸䙔騀鴜貘黊黊䫏薾醟鴶黚擧㯱䨣薲謈𤾡𤾡壐鮝鮝褺褺磴䞿斵穛篸謢顀𥪴
	17	0	嬭
	17	-1	㕓㕓㕓㷿㸂㸃㻺䆸䆸䉅䔘䔡䔥䯹䳒儨檒皼穙篻簒聴膸膸賷邉邉邉鍳鍳鎾鎾闎霛顃鴹𠮎𡚖𡣍𡣍𡽫𡽽𢖍𢣭𢩠𢩠𣋓𣫍𥂮𥂰𥊽𥊽𥱾𥻿𦄐𦄨𦌔𦏁𦏁𦒋𦓃𦓈𦗕𦦙𦦙𦦚𦦚𦼪𦼫𦽦𦾈𦾓𦾔𧝑𧪟𧪟𧪟𧪬𧫏𧯽𧯽𧷏𧷏𧷗𧹳𧹳𨪆𨵩𩄎𩋘𩫖𩫗𪀲𪏽𪓔𪓔𪟺𪪧𫉬𫊣𫏛𫏼𫶝𭄘𭼩𰘴𱢭{60}
	18	5	邊離轉
	18	4	職雙瞿斷題蟲騎豐簡顏醫聶雞歸歸歸藥覆鎮雜擺翻翻擾藝獵叢闕霧巂巂額嚣
	18	3	謹謹織織璧軀闔闖繞繞壘蹙雝翹竄竄釐釐彝藜襟藪檻鵝鯀竅竅懵鞮繭繭繭繒繒簪瓊瓊瓊瓊穫穫瀉瀉謾蠆黠
	18	2	顒馥簞闐闐霤臍臍闓嚚闒禰禰㬥藟颢鬵鬵燾鞫齕簟簟鏌鬩儵儵顔罈鎔繢繢蹔蹢虩虩虩韞韞鵙繘繘羴
	18	1	擸鼀鼀饁饁檽礜彞甖藚藚䌛曛旛旛擥繠燹鎣麌麌麌𩔊蟮繙繙䇔䇔䏈䢯奰璹簛
	18	0	鵓䭉䭉竆竆鵣
	18	-1	㩥䊩䑂䑂䔲䔵䫕䬕䮕瀐爀礕藴観鎫鎫鎫鎫鎼闗馤騐騐髜鵢麏龎𠕰𠖥𠨧𡂨𡒲𡗉𡫟𡫥𡴪𡴪𡾃𡾏𢇕𢋨𢐴𢐷𣀔𣃍𣄣𣍓𣞈𣫖𤐫𤣂𥜘𥢺𥳑𥼚𦔡𦗟𦪝𦾴𧇽𧑿𧑿𧫦𨘢𨟍𨤝𨤝𨤝𨪈𨶒𨽡𩄣𩄲𩈳𩔇𩘚𩠬𩡐𩣷𩰿𩷦𪊿𪋁𪘂𪘂𪤯𫎬𫲓𫲓𬙩𬞼𭋷𭔟𭮧𮒛𮒛𮒣𮠾𮧡𰌱𱤺𲇖
	19	5	䜌䜌䜌䜌難羅關識嚴
	19	4	願麗麗麗麗麗類類辭贊懷警蘇顛壞寵靡靡勸鏡簿繫穩廬璽龐
	19	3	疆䩻夒夒夒夒顚鏢懶懶羹羹繩繩繩孽孽簽疇𦆕𦆕𦆕譖攀韻贈贈蘆轎櫟簫蘊羸羸羸蘋瀨藺臘臘顙羆麓犢犢鯨簾簾蘄
	19	2	醮櫓闞瀕瀕瀝鶂贇覈覈獺獺藶蠃蠃蠃旟旟翽韲羶瀧鼄鵪嚬
	19	1	鬊蟺䊪聼聼鏖鏖鶄鶄霪簳繴繯繯鏨鏄曡櫐簷糪嬾嬾麕麕繰繰䝐蹵騜䠣䨮爕龏
	19	0	䞈䞈蟸
	19	-1	㞡㰆㶋䉞䕌䚬䦰䫧䳡匶嚩夓夓夓夓寳瀖爂爂爂爊臋艶覇覇鵭𡃫𡄉𡖀𡖀𢋱𢖙𢸦𢸧𣞤𤔿𤛿𤳯𥃆𥣞𥨪𥨪𥽂𥽂𧀣𧀨𧁙𧈅𧬉𧸇𨶪𩅜𩌌𩔜𩔪𩸥𩸮𪂣𫠙𫤼𫿞𮆘𮢶𮪍𰘾𰟳𰥇𱌛
	20	5	覺魔
	20	4	鐘議寶黨獻釋蘭蘭護護觸騰籍飄譽𣫞灌灌
	20	3	耀競譬齡籃壤贏贏矍籌饒饒竇竇竇騫馨驀纂纂舋舋舋闡
	20	2	闥罌蘖甗轝懺躅櫬瀸鐐𪑛蠒
	20	1	㜸騳䊮籋蘥䢉嚲蘦籊鐀㰍籄譱顢
	20	-1	㒹㒹㒹㶐䕙䨇䨇䫫䳬䶗疉疉疉羺霵霵顡鶒黁𡾷𣀦𣍘𤳳𥵸𨐼𨶲𩅸𩐋𩐍𩐎𩕆𩪏𩹌𩹌𪃍𪚰𪚴𪠛𫬲𬁯𬋝𮋖𰆬
	21	5	權
	21	4	屬屬霸覽鐵露懼歡歡辯攝轟囂
	21	3	鐸蠢鶴赣纍夔夔驃蠡蠡髓鰥鰥鰥闢曩鑊鑊儼鶯齧齧
	21	2	廱竈鷄騾顥罍鐻巋嚻躑
	21	1	禴禴镾䦲譶鷊鷊灄羼䵗𢑆
	21	0	纈纈贔
	21	-1	䕟䳵䵯卛竉竉籐籖蘷蘷贑躎鑁鬘𠙳𠮓𡈹𥽘𦇏𧃰𧃰𧞻𧭛𧭛𧲏𨷈𨷖𩐐𩕍𩕘𩮴𩰥𩺃𪉷𪋘𬮔𮫗𰪠𲌥
	22	5	體聽聽
	22	4	囉讀讀驕彎籠
	22	3	疊囊懿灑鑒穰聾巖蘿轡鱉邏亹糴𱋁霽
	22	2	巒覿覿龕齪蘸孌鷟
	22	1	讃䲆鷒
	22	-1	䜟攞欎鑍龝𡿏𣠵𤴁𤴁𩁘𩆖𩆞𩦛𩱕𩺯𩺰𪄿𪅀𪅆𪅝𬯵𰥉
	23	5	變
	23	4	顯戀讎
	23	3	蠱欒鱗驛纖纖攣蠲籥籤
	23	2	鷸齏黴
	23	1	籣讐㸐
	23	-1	䶞壨躘𡖂𡖂𣡈𤓉𧄼𧄼𧄼𧅌𧥑𧰟𩕺𩴶𪘨𭨒𱪘
	24	5	靈
	24	4	觀
	24	3	鹽讒贛鷹鷹蠶羈衢鬭釀靂
	24	2	艷鱣鑫鼈鼈靃雥顰顰
	24	1	矕爤䕺黌黌
	24	-1	𠓗𡚣𡚤𣡍𣡗𦉥𧅚𩼃𮭘
	25	4	廳蠻
	25	2	鸑臠籮
	25	1	黵
	25	0	覊覊
	25	-1	欝欝𣡥𪇠
	26	3	驢釁釁釁
	26	2	龥
	26	-1	飌飌𠑲𨷷𪇼𪇼𪇼𱬲𱬲
	27	2	鑾纜纜
	27	1	灥
	27	-1	䕿豓𠨋
	28	3	豔
	28	2	鸛钁
	28	-1	𰙉𱌦
	29	3	鬱
	30	3	鸞
	30	2	爨爨爨
	30	1	驫
	30	-1	𪙹
	31	-1	𧟛
	32	2	龖
	32	-1	𤴐
	33	3	麤
	33	-1	𪛈
	36	-1	䨺
	48	1	龘
